A,B,C,D,E,F,G,H,I,target
0.505,8,-,1.984,3,5,2.642,-5.122,0.649,1
0.536,4,-,1.977,1,3,5.756,-3.077,0.950,0
0.024,3,-,3.147,2,6,2.435,4.387,2.186,1
0.543,4,-,2.440,3,9,4.440,7.730,1.938,0
0.942,8,-,1.952,3,9,7.176,-4.579,0.346,1
0.011,9,-,2.280,1,2,5.396,-3.077,1.455,1
0.470,6,-,2.065,2,7,7.335,-1.754,0.790,0
0.964,4,-,2.366,1,2,7.104,-4.400,0.384,0
0.749,4,-,3.093,2,1,5.368,-4.362,0.384,1
0.297,4,-,1.978,3,5,4.119,-7.511,0.245,0
0.998,7,-,1.681,2,9,3.453,-3.162,0.645,0
0.197,4,-,2.067,3,10,7.730,-6.706,0.478,1
0.080,4,-,2.065,2,1,6.512,-7.335,0.497,1
0.861,7,-,2.107,3,4,4.854,0.448,0.989,1
0.981,7,-,1.735,3,5,6.260,-1.057,0.573,1
0.295,4,-,1.856,3,3,5.814,8.532,2.669,1
0.335,4,-,1.704,3,7,5.801,6.978,1.933,0
0.959,5,-,1.823,1,4,4.432,-7.803,0.181,1
0.846,5,-,1.791,2,8,5.391,0.097,0.845,0
0.549,1,+,2.165,2,2,6.304,3.828,1.400,0
0.856,5,-,1.799,,1,1.822,-6.297,0.253,0
0.020,6,-,2.354,3,6,5.700,-3.093,1.671,1
0.035,3,-,2.067,1,4,6.461,4.607,3.029,0
0.120,2,-,1.863,3,9,4.946,-2.522,1.538,1
0.932,2,-,1.970,2,3,2.496,1.393,0.814,0
0.026,5,-,1.809,,4,2.203,8.102,3.985,0
0.906,7,+,1.664,2,4,3.719,4.544,1.345,1
0.304,2,-,2.891,1,8,3.344,-6.290,0.581,0
0.639,10,-,3.440,3,3,6.192,-9.873,0.012,1
0.535,5,-,1.914,2,5,3.987,-7.561,0.332,0
0.369,9,-,2.503,2,1,6.325,2.559,1.510,0
0.988,8,+,2.285,2,6,7.171,-4.925,0.384,1
0.275,5,-,2.515,1,9,5.549,-6.561,0.487,1
0.148,5,-,1.897,3,2,1.839,-0.983,1.526,0
0.683,6,-,2.092,2,7,4.654,-1.137,0.856,0
0.837,2,-,2.222,1,2,1.817,4.256,1.394,0
0.856,1,-,1.921,3,5,2.234,-6.479,0.381,1
0.587,4,-,1.753,1,5,5.631,-4.540,0.675,0
0.913,6,-,2.030,2,4,2.740,4.568,1.083,0
0.489,5,-,1.912,2,8,3.744,-5.539,0.651,0
0.668,4,-,1.950,3,5,5.428,-5.621,0.415,1
0.361,3,-,2.278,2,4,5.607,-5.451,0.482,0
0.189,3,-,1.862,1,4,6.231,-5.713,0.604,1
0.992,2,-,1.844,2,5,2.826,-10.532,-0.057,0
0.910,5,-,2.256,2,7,1.861,7.144,1.433,0
0.951,2,-,2.239,2,5,3.393,0.640,1.197,0
0.652,8,-,1.771,2,9,5.413,-6.231,0.500,0
0.627,6,-,1.906,3,2,5.871,4.945,1.258,0
0.295,5,+,1.715,2,1,5.765,-2.840,1.011,0
0.929,5,-,2.204,1,4,6.460,6.412,1.282,0
0.989,10,-,1.786,3,4,5.347,8.752,1.900,0
0.418,6,-,2.170,1,4,4.627,3.324,1.635,0
0.356,3,+,1.725,1,9,6.749,7.012,2.881,0
0.849,5,-,1.815,2,2,3.453,-5.789,0.467,0
0.060,4,+,1.770,2,3,1.594,-4.874,0.939,0
0.869,4,-,1.656,2,3,5.718,-3.168,0.655,0
0.349,7,-,2.127,,4,4.294,4.256,1.792,0
0.855,4,-,2.032,2,2,5.137,-5.030,0.544,0
0.817,2,-,2.991,3,9,5.947,4.321,1.733,1
0.328,7,-,1.973,3,9,7.435,6.703,1.944,1
0.033,8,-,2.015,3,5,5.724,-6.848,0.543,1
0.988,9,-,1.730,1,7,6.158,-5.598,0.361,0
0.889,7,-,1.829,2,4,7.456,2.352,1.462,1
0.343,4,+,1.663,3,7,1.117,-6.789,0.536,1
0.529,4,+,1.846,1,10,5.609,3.291,1.233,0
0.578,3,-,2.325,2,7,2.971,4.369,1.315,0
0.770,6,-,2.330,2,6,5.542,-1.779,0.847,0
0.934,8,-,1.794,3,5,5.002,7.566,1.382,0
0.415,4,-,2.279,3,10,6.539,6.312,1.841,0
0.977,0,-,1.799,3,8,6.224,-3.028,0.699,1
0.910,6,-,1.808,2,10,3.501,-3.765,0.543,0
0.613,6,-,2.350,1,9,6.155,4.411,1.620,0
0.494,1,-,2.020,1,7,6.821,4.612,1.756,0
0.112,3,-,2.114,1,4,3.723,3.833,1.555,0
0.033,7,-,2.172,2,10,2.830,8.297,2.772,0
0.003,8,-,1.780,3,10,6.084,3.686,1.947,1
0.425,9,-,3.160,3,5,6.648,-7.473,0.367,1
0.932,5,+,2.519,3,10,6.163,7.067,1.007,0
0.625,5,-,2.317,3,7,7.324,-4.884,0.394,1
0.948,3,-,1.862,2,2,6.175,3.012,1.400,0
0.615,3,-,2.725,,4,5.482,-3.807,0.767,0
0.336,3,-,3.195,1,4,5.756,-6.761,0.395,0
0.038,4,-,1.914,1,6,5.986,5.094,2.820,0
0.974,13,-,1.723,1,1,4.363,5.381,1.169,0
0.012,3,-,1.996,2,3,5.554,6.331,2.321,0
0.320,5,-,1.793,2,8,6.774,-3.248,0.927,0
0.066,6,-,1.997,2,10,2.896,2.653,1.586,1
0.328,5,+,1.739,3,1,5.624,-8.344,0.201,1
0.388,8,-,2.520,,1,3.153,-2.235,1.270,0
0.727,2,-,2.363,1,6,2.538,1.629,1.081,0
0.238,7,-,3.410,1,4,5.465,7.623,2.229,1
0.881,3,-,1.702,2,10,6.927,-1.568,0.953,0
0.271,2,-,1.998,2,1,7.085,-8.414,0.256,1
0.129,3,-,1.840,3,1,5.281,4.052,2.728,0
0.989,10,+,1.744,2,8,7.106,-2.948,0.615,0
0.638,3,+,2.081,1,7,4.083,8.104,2.464,0
0.710,4,+,1.951,,5,6.195,-5.156,0.385,0
0.300,9,-,2.024,2,6,5.582,6.013,1.481,0
0.956,3,-,2.482,3,5,2.226,5.681,1.644,0
0.059,5,-,2.084,3,6,5.958,5.683,3.647,1
0.334,7,-,1.709,2,4,6.080,-0.503,0.861,0
0.324,4,-,2.079,1,3,6.153,-4.794,0.517,0
0.006,3,-,1.917,1,10,5.547,-4.568,1.100,0
0.125,3,-,2.097,3,8,8.044,4.653,2.606,1
0.018,4,-,1.874,3,1,5.949,-3.894,0.825,1
0.760,3,-,1.689,2,8,7.385,2.711,1.234,1
0.386,5,+,1.657,,5,6.412,5.477,1.350,0
0.994,2,-,1.925,2,10,5.691,4.270,1.245,0
0.351,6,-,2.097,3,7,5.123,4.883,2.527,0
0.908,3,+,1.805,3,5,4.575,4.959,0.932,0
0.412,7,-,1.916,3,1,3.980,-6.222,0.486,0
0.015,5,+,2.277,,4,5.577,9.238,4.279,0
0.317,3,-,1.776,1,9,2.579,5.492,2.745,0
0.903,3,-,1.972,3,2,5.636,5.899,1.174,0
0.226,5,-,2.005,2,8,4.045,3.223,2.433,0
0.332,6,-,1.914,3,1,2.272,5.420,1.843,0
0.958,8,-,1.814,3,8,5.004,6.712,1.516,0
1.000,3,-,1.721,1,5,5.367,6.112,1.244,0
0.711,5,+,1.692,2,7,5.936,5.429,1.680,0
0.177,8,+,1.933,3,5,5.329,-10.750,-0.125,1
0.239,4,-,1.838,2,10,3.519,-5.561,0.537,1
0.701,2,+,1.985,3,1,3.340,-6.423,0.281,0
0.128,5,-,1.687,1,8,5.271,4.364,2.150,0
0.613,6,+,1.976,1,3,5.107,-4.544,0.521,0
0.677,8,-,1.655,2,10,5.867,-3.567,0.722,0
0.394,3,+,1.688,2,9,6.432,1.723,1.627,0
0.290,8,-,2.104,2,6,2.366,6.064,2.586,0
0.614,7,-,1.673,2,2,3.921,-6.222,0.506,0
0.767,9,-,1.752,1,10,3.700,5.084,1.307,0
0.154,5,-,2.256,3,3,5.682,-6.345,0.615,1
0.082,11,-,1.732,3,6,6.393,5.176,2.209,1
0.659,6,-,2.109,2,9,5.339,-8.971,0.127,0
0.805,4,-,2.401,2,8,6.607,7.542,1.430,1
0.661,6,-,1.792,1,2,6.147,1.841,0.951,0
0.074,7,-,1.862,3,10,6.801,-5.756,0.923,1
0.135,1,+,1.844,1,8,8.375,7.092,2.845,0
0.450,5,-,1.696,2,10,5.166,5.309,1.959,0
0.831,0,-,2.215,2,8,6.102,-5.482,0.510,0
0.139,4,-,1.860,3,3,6.048,-5.081,0.928,1
0.525,4,-,1.660,1,1,5.963,-6.188,0.356,0
0.670,3,-,2.059,1,6,6.226,3.898,1.373,0
0.249,6,-,1.702,1,7,3.461,2.568,2.108,0
0.142,2,+,2.473,1,2,6.323,-3.413,1.091,0
0.163,11,-,1.949,1,5,6.687,4.329,2.530,1
0.229,2,-,1.680,3,6,6.053,6.515,1.708,1
0.511,5,+,2.170,1,10,1.446,-7.097,0.306,0
0.514,3,-,1.695,3,7,2.933,2.115,1.777,0
0.017,4,-,2.179,1,3,6.126,1.994,2.487,0
0.860,7,-,1.656,1,2,6.882,6.736,1.544,0
0.572,7,-,1.783,2,2,3.345,1.331,1.646,0
0.236,4,+,1.716,2,9,2.422,-4.085,0.669,0
0.593,5,-,1.675,3,1,2.569,-3.734,0.675,0
0.999,4,+,1.688,2,4,3.294,7.237,1.389,0
0.541,7,+,1.848,3,9,7.364,2.094,1.406,0
0.473,3,-,2.089,1,10,6.230,-6.202,0.301,0
0.356,4,-,1.687,1,1,4.868,-2.603,1.102,0
0.729,6,-,1.788,3,2,4.238,6.618,1.414,0
0.809,3,-,1.783,1,9,1.833,4.508,1.046,0
0.005,10,-,1.755,3,10,3.418,-7.116,0.593,0
0.386,6,-,1.808,3,4,6.214,-5.712,0.670,0
0.939,5,-,2.310,1,6,2.817,4.328,1.194,0
0.484,3,-,2.139,3,8,3.310,3.087,1.067,0
0.792,4,-,2.041,2,10,5.537,-4.186,0.373,1
0.093,3,-,1.737,1,1,2.493,4.861,2.023,0
0.548,8,-,2.357,1,10,1.893,3.366,1.069,0
0.032,10,-,2.467,3,10,2.692,-6.919,0.393,0
0.942,6,-,2.682,1,2,6.385,4.188,1.304,0
0.122,2,+,1.801,1,1,6.111,7.431,2.212,0
0.637,1,-,1.888,3,5,4.968,-3.210,0.773,0
0.960,4,-,1.972,1,3,6.446,4.280,1.525,0
0.096,6,-,2.317,1,6,2.585,-0.687,1.371,1
0.343,3,-,2.813,1,7,3.000,2.434,1.824,0
0.010,3,-,2.891,1,2,4.370,3.849,1.866,0
0.883,4,-,2.499,1,8,5.343,4.778,1.311,0
0.571,8,+,1.948,3,10,6.714,-2.649,0.820,0
0.419,7,-,2.662,3,9,4.782,4.379,2.333,0
0.200,2,+,1.692,,2,4.285,6.463,1.706,0
0.550,2,-,2.262,1,7,2.438,1.537,0.879,0
0.136,3,-,1.896,1,8,0.735,3.967,2.841,0
0.104,6,-,1.735,2,10,4.760,-2.791,1.256,1
0.255,5,-,1.649,1,3,3.871,-4.767,0.972,0
0.765,10,-,2.880,2,2,6.927,5.216,1.361,1
0.597,10,-,1.871,1,9,6.616,8.212,1.485,0
0.640,4,-,1.787,2,8,3.006,-6.947,0.386,0
0.868,5,+,1.944,2,10,3.440,-4.468,0.588,1
0.680,6,-,2.050,3,4,5.836,5.079,1.637,1
0.575,4,-,2.386,3,3,6.899,-3.894,0.572,1
0.845,8,-,2.073,3,6,7.549,-3.404,0.586,1
0.383,4,-,1.948,1,7,2.308,-5.703,0.662,0
0.878,4,-,1.832,1,6,6.738,-6.176,0.435,0
0.713,11,+,1.756,1,5,5.343,-4.566,0.371,1
0.023,4,-,1.765,2,3,4.775,-2.940,0.907,0
0.327,3,+,1.941,2,9,6.739,-5.761,0.553,1
0.942,8,-,2.391,1,2,7.087,-3.443,0.643,0
0.951,6,-,3.250,3,3,1.919,-3.165,0.543,0
0.216,6,-,2.215,1,10,6.779,4.662,2.191,0
0.256,5,+,1.986,,8,5.710,-2.443,1.244,0
0.312,1,-,1.735,1,5,6.858,-6.430,0.403,0
0.895,5,-,1.736,3,7,3.280,-4.802,0.309,0
0.950,7,+,1.764,3,1,6.605,5.351,1.563,0
0.637,5,-,2.084,1,10,6.210,-4.847,0.422,0
0.847,2,-,2.162,2,8,6.104,-3.970,0.391,1
0.028,6,+,1.740,1,10,5.389,-3.549,0.909,0
0.123,3,-,1.659,3,10,4.360,-0.838,1.013,1
0.601,4,+,1.712,3,6,6.115,2.699,1.351,1
0.195,5,+,1.723,2,5,0.912,-5.042,0.791,1
0.927,8,-,1.663,1,6,1.647,3.996,0.871,0
0.506,3,+,1.948,3,5,2.897,-2.919,0.614,0
0.411,6,-,1.939,3,5,6.301,-3.416,0.758,0
0.839,7,-,2.068,1,5,6.993,-7.118,0.324,1
0.789,3,-,1.779,1,6,1.547,3.208,1.388,0
0.409,2,+,2.243,1,3,2.746,-3.546,0.847,0
0.977,3,-,2.925,,7,3.372,-4.770,0.415,0
0.987,4,+,1.709,3,5,2.544,5.536,1.284,0
0.836,1,+,1.822,2,5,4.852,4.481,0.960,0
0.566,11,-,2.115,3,7,3.035,-6.672,0.254,0
0.110,6,-,1.711,1,3,4.807,-3.691,0.824,1
0.204,4,+,1.749,2,7,4.898,-7.052,0.434,1
0.339,5,-,2.940,3,9,2.639,6.530,2.837,0
0.405,2,-,1.811,3,10,3.576,-4.874,0.719,0
0.912,3,-,1.792,1,7,5.780,-2.129,0.585,0
0.461,5,+,1.991,1,1,2.562,-6.106,0.386,0
0.709,6,+,1.766,3,8,7.223,-4.427,0.569,1
0.713,10,-,1.840,1,7,7.111,4.835,1.325,0
0.822,15,-,2.496,2,4,5.042,6.578,1.657,0
0.624,6,-,2.016,,6,5.742,6.365,2.039,0
0.591,6,-,2.012,3,1,6.052,0.382,0.939,0
0.537,5,-,1.754,2,8,2.926,2.360,1.217,0
0.295,5,-,2.137,1,2,2.395,-5.982,0.662,0
0.171,3,-,2.050,2,8,3.218,3.969,1.885,0
0.642,1,-,2.320,3,5,4.650,-4.512,0.615,0
0.383,2,-,2.072,1,6,5.900,5.548,2.350,0
0.909,5,-,2.116,3,9,3.620,8.610,1.687,0
0.033,8,-,1.808,3,7,3.095,-4.380,1.148,1
0.739,5,-,3.196,2,10,5.714,-2.182,0.733,0
0.865,7,-,1.794,3,5,6.219,3.623,1.034,1
0.068,7,-,1.696,3,8,7.776,-5.653,0.868,1
0.783,5,-,1.853,3,9,4.485,-5.585,0.411,1
0.439,7,-,1.944,1,1,7.113,-6.324,0.550,0
0.881,3,-,2.635,1,6,3.558,5.521,1.486,0
0.567,3,-,1.917,2,5,5.872,4.159,1.458,0
0.990,8,-,2.690,2,10,3.941,-6.942,0.278,0
0.487,5,-,1.691,3,9,5.133,-6.052,0.456,0
0.647,1,-,3.172,2,6,5.394,-5.171,0.563,1
0.016,5,+,1.784,,7,4.496,5.851,2.321,0
0.988,2,-,2.505,2,6,3.928,-5.730,0.332,0
0.448,5,+,2.053,1,3,7.432,7.028,2.164,0
0.119,6,-,1.685,1,4,4.782,4.987,3.108,0
0.668,6,-,1.825,1,7,3.963,5.221,1.985,0
0.626,7,-,1.751,3,6,6.115,9.144,1.482,0
0.149,10,-,1.733,3,6,5.404,4.283,1.725,1
0.347,6,-,2.546,2,3,6.090,-1.183,1.064,1
0.613,4,+,1.749,2,9,6.774,-3.300,0.712,0
0.913,3,-,1.676,1,8,7.396,5.769,1.300,0
0.023,7,-,1.791,1,2,2.750,4.431,2.753,0
0.991,5,+,1.756,2,5,2.659,6.713,1.263,1
0.894,9,-,1.756,2,3,4.300,5.476,1.724,0
0.041,5,-,1.750,2,1,7.493,7.240,2.354,0
0.718,3,-,1.845,,3,3.255,6.503,1.461,0
0.264,5,+,1.762,,7,5.846,3.035,1.684,0
0.238,3,-,2.612,3,7,2.816,-2.709,1.073,1
0.479,2,-,1.671,3,3,6.723,-6.137,0.358,0
0.535,5,-,2.245,1,8,2.778,6.230,1.313,0
0.049,10,+,1.794,1,2,2.744,8.390,3.169,0
0.593,2,-,2.083,3,2,6.218,-5.443,0.435,1
0.907,5,-,2.060,2,10,3.827,0.273,0.982,0
0.802,4,-,2.402,3,4,5.098,2.029,1.325,0
0.708,5,-,1.670,2,10,6.865,-3.704,0.478,1
0.082,11,-,2.463,2,8,1.453,-1.579,1.794,1
0.409,7,-,2.264,2,9,6.264,3.816,1.711,0
0.378,5,+,1.697,,2,6.634,-0.027,1.488,0
0.369,3,-,1.890,2,10,6.117,-5.962,0.504,1
0.612,4,-,1.792,2,5,3.829,7.901,1.501,0
0.390,5,-,2.101,2,2,5.530,-2.979,0.987,0
0.956,7,+,2.371,2,5,5.230,3.323,0.872,0
0.598,4,-,2.010,3,8,6.958,3.350,1.446,1
0.979,1,-,1.907,1,1,6.029,7.192,1.560,0
0.057,6,-,1.941,2,2,6.685,4.986,2.380,0
0.319,1,-,2.117,2,7,5.624,-8.052,0.217,1
0.093,3,-,1.967,3,8,2.294,-4.587,1.066,1
0.963,10,-,1.820,1,4,6.157,-5.203,0.283,0
0.326,3,-,1.746,3,6,2.218,-2.609,0.775,1
0.990,7,-,1.989,3,5,6.566,3.095,1.330,0
0.005,6,-,2.006,1,6,5.791,-4.404,0.750,0
0.889,9,-,2.004,,5,4.824,6.470,1.118,0
0.312,6,-,1.946,1,3,3.939,5.341,1.401,0
0.063,5,+,1.846,1,8,4.216,-1.998,1.308,0
0.646,6,-,1.870,3,2,5.993,-5.677,0.439,1
0.064,7,-,2.321,1,2,6.323,-7.102,0.668,0
0.029,3,-,1.874,2,6,6.087,5.222,2.797,0
0.610,3,+,1.973,3,5,5.192,-9.273,0.082,1
0.487,2,-,2.230,3,4,3.678,-8.298,0.163,0
0.639,9,-,1.764,1,4,3.047,-4.205,0.422,0
0.519,6,+,1.735,,1,6.493,-3.172,0.701,0
0.713,5,+,1.726,1,1,6.984,7.129,2.005,0
0.499,6,-,2.028,1,4,4.410,2.348,1.828,0
0.843,6,-,1.808,,8,5.322,4.588,1.222,0
0.922,12,-,2.182,3,2,6.674,2.872,1.215,0
0.022,4,-,2.129,3,3,4.995,0.555,1.294,0
0.104,7,-,1.969,2,10,6.380,-2.110,1.641,0
0.016,5,-,2.195,2,2,4.725,-2.191,1.365,0
0.997,8,-,2.244,2,6,5.072,1.968,1.276,0
0.226,5,+,2.526,3,3,6.124,-4.435,1.069,1
0.441,6,-,2.130,1,6,6.491,-7.015,0.272,0
0.482,6,-,2.034,1,5,6.157,3.244,1.926,0
0.227,3,+,2.021,2,2,2.465,7.082,1.902,0
0.747,4,-,3.301,3,8,5.894,-2.048,0.962,1
0.524,7,-,2.132,2,1,7.469,-9.873,0.019,0
0.775,3,-,1.724,1,5,5.175,-3.761,0.534,1
0.460,4,+,2.058,2,7,2.752,3.391,1.505,0
0.804,7,-,2.857,1,4,6.119,-4.822,0.540,1
0.205,0,-,1.830,3,5,2.314,-2.004,1.451,1
0.306,4,-,1.960,1,10,3.900,-2.218,1.179,0
0.789,9,+,2.308,1,4,5.376,-4.812,0.437,0
0.632,2,-,1.787,2,1,3.967,-2.241,0.925,0
0.800,2,-,1.760,2,8,7.755,7.722,1.835,0
0.666,3,+,2.167,3,7,5.584,-7.470,0.326,1
0.873,5,-,2.189,1,3,4.996,-5.977,0.343,0
0.855,4,-,1.812,2,4,6.085,4.922,1.524,0
0.462,3,-,1.943,2,5,7.100,-5.526,0.366,0
0.151,2,-,2.177,2,5,4.159,1.973,1.278,0
0.996,10,-,1.836,,1,3.086,6.647,1.214,0
0.731,1,-,3.771,2,4,6.425,3.081,1.395,1
0.150,3,-,1.883,2,1,3.198,2.749,2.618,1
0.520,4,-,1.874,3,5,6.962,3.497,1.689,0
0.766,3,+,2.197,3,4,5.403,-0.626,0.920,1
0.054,7,-,2.250,3,1,6.152,0.208,1.345,1
0.994,7,-,2.091,2,8,6.986,-5.157,0.447,0
0.886,4,+,2.279,3,5,6.465,-4.216,0.394,1
0.172,4,-,2.959,2,6,2.424,-5.534,0.865,1
0.202,6,-,1.997,2,10,1.769,3.105,2.126,1
0.380,5,-,2.109,3,4,6.114,-5.087,0.621,1
0.062,3,-,2.309,1,2,6.127,-3.749,1.280,0
0.932,8,-,1.729,3,3,2.319,-3.153,0.652,0
0.536,6,-,3.069,3,4,3.226,6.616,1.394,0
0.087,2,-,2.119,2,4,3.588,5.230,2.529,0
0.992,6,-,2.195,1,8,6.746,-5.537,0.388,0
0.766,3,-,2.085,,2,7.104,-5.247,0.519,0
0.604,5,-,1.889,1,7,2.862,5.443,1.664,0
0.693,6,-,2.226,2,10,2.446,-5.560,0.555,1
0.408,3,+,1.896,3,5,5.768,-6.210,0.562,1
0.746,3,-,2.201,1,3,5.898,3.907,1.171,0
0.331,8,+,2.030,1,8,6.196,6.986,1.759,0
0.335,5,-,1.783,2,7,2.305,-1.536,1.191,0
0.113,6,-,1.927,2,2,7.348,4.401,1.950,0
0.474,5,-,2.772,3,8,5.956,-5.766,0.510,0
0.924,6,-,1.960,2,10,6.099,-5.427,0.376,0
0.278,5,+,1.760,1,3,6.317,-7.788,0.336,0
0.258,3,-,1.726,2,9,2.636,-3.155,0.960,1
0.090,7,-,1.774,,7,6.051,6.499,3.552,0
0.585,3,-,2.247,1,2,5.188,-3.603,0.666,0
0.533,7,-,1.919,,2,7.502,6.622,1.797,0
0.869,4,-,1.772,,4,5.592,-1.356,0.793,0
0.999,7,-,2.387,2,4,2.813,-6.168,0.353,0
0.091,6,-,1.751,1,7,5.877,-3.079,1.200,1
0.829,7,+,2.373,3,9,7.182,-4.160,0.703,1
0.397,2,-,1.784,3,5,2.494,6.420,1.675,0
0.876,1,-,1.697,3,1,4.857,-4.445,0.446,1
0.407,5,-,1.666,1,8,7.082,-3.284,1.112,0
0.269,3,-,2.061,1,1,4.238,2.100,1.360,0
0.254,5,-,1.992,1,8,5.807,-7.762,0.316,0
0.062,4,+,1.754,,8,5.421,6.677,2.029,0
0.267,4,-,2.399,2,8,5.301,-7.880,0.306,1
0.939,3,-,1.763,3,10,6.246,3.584,1.302,0
0.883,3,+,1.886,3,6,6.234,-5.037,0.337,1
0.536,3,-,2.189,1,8,5.381,7.411,2.177,0
0.795,2,-,1.781,3,2,2.647,-4.039,0.422,1
0.002,1,-,1.746,2,9,2.915,5.603,2.510,0
0.493,6,-,1.792,3,2,4.545,-7.539,0.246,0
0.306,4,-,1.847,3,5,6.137,5.220,2.064,0
0.086,2,-,1.789,3,7,4.889,3.118,1.818,1
0.952,6,+,2.526,3,1,5.550,6.620,1.268,0
0.833,5,-,2.011,3,9,4.323,-5.949,0.417,0
0.653,5,-,2.391,3,4,6.349,1.957,1.361,1
0.839,2,-,1.873,3,5,5.778,5.100,1.591,0
0.711,3,-,1.918,3,3,5.717,-4.181,0.691,1
0.830,4,+,2.654,,3,6.324,-2.677,0.787,0
0.631,6,-,1.717,1,4,3.777,6.976,1.735,0
0.713,3,-,2.135,2,5,6.480,5.504,1.383,0
0.520,8,+,1.972,1,5,3.182,-4.377,0.796,0
0.693,3,-,1.945,1,2,5.624,6.742,1.357,0
0.484,7,+,2.246,1,1,3.688,-6.827,0.461,0
0.831,7,+,2.287,2,1,7.206,4.067,1.640,1
0.847,10,-,2.495,3,3,2.409,-6.164,0.423,1
0.362,3,-,2.169,,4,6.143,-4.207,0.907,0
0.878,5,+,1.942,3,10,5.585,-5.262,0.344,1
0.722,5,+,3.267,3,3,4.257,5.687,1.146,0
0.973,6,-,1.699,2,6,6.006,6.040,1.566,0
0.968,1,+,1.923,3,2,6.210,-2.915,0.486,0
0.895,4,-,1.881,,5,5.887,4.179,1.527,0
0.857,7,-,2.070,1,5,5.142,7.651,1.362,0
0.601,6,+,1.974,3,5,5.343,6.730,2.023,0
0.624,6,-,2.641,2,8,6.458,6.109,1.546,0
0.344,4,-,2.675,2,10,3.723,6.176,2.176,0
0.878,4,-,1.856,2,9,3.434,-8.301,0.112,0
0.447,3,-,1.909,3,4,3.377,4.634,2.162,0
0.626,1,-,2.169,,10,6.091,6.906,1.681,0
0.062,3,-,1.811,3,9,4.775,2.955,1.806,0
0.068,5,-,1.777,1,5,7.149,5.928,3.526,0
0.010,3,-,1.656,2,7,2.250,6.966,3.075,0
0.585,6,-,2.277,3,3,5.635,-5.451,0.383,0
0.248,1,+,1.681,3,10,6.143,8.628,1.811,1
0.651,5,-,2.552,2,7,6.949,-4.188,0.487,0
0.231,3,-,1.670,2,9,3.228,-4.360,1.062,1
0.085,6,-,2.095,3,9,6.911,-1.174,1.955,1
0.332,3,-,1.855,3,7,2.563,-4.615,0.492,1
0.963,3,-,2.441,1,5,6.417,-10.341,-0.023,0
0.989,6,-,2.068,3,5,7.129,-2.356,0.640,1
0.809,5,-,1.806,2,9,5.185,4.498,1.104,0
0.630,3,-,2.762,,7,5.663,-4.205,0.505,0
0.607,5,-,1.916,3,4,3.614,5.495,1.202,0
0.008,2,-,1.802,3,1,5.211,-6.181,0.495,0
0.834,5,-,1.665,1,10,3.175,-3.038,0.811,0
0.709,4,-,2.044,2,1,5.933,-8.609,0.115,1
0.115,8,-,1.660,1,3,3.692,-4.214,1.251,0
0.250,7,+,1.798,,3,6.903,10.701,3.450,0
0.454,5,-,2.197,3,8,2.674,-8.703,0.123,0
0.385,4,+,2.107,1,6,5.099,-5.913,0.521,0
0.378,5,-,2.151,3,8,5.859,-5.339,0.713,0
0.515,6,-,2.476,1,9,5.466,-5.621,0.603,0
0.088,5,-,1.952,3,7,4.150,-0.211,1.105,0
0.378,2,-,1.683,2,6,0.921,-1.887,1.037,0
0.195,7,-,1.711,3,5,6.501,-5.647,0.681,1
0.112,4,-,1.743,2,5,3.243,6.455,2.270,0
0.133,4,-,2.561,2,3,5.937,6.454,2.627,1
0.157,6,-,1.894,,5,3.943,3.309,1.865,0
0.274,5,+,1.841,1,7,6.112,-9.095,0.094,0
0.133,7,-,1.982,2,6,5.552,5.331,2.165,0
0.065,7,+,1.825,1,8,6.877,-3.557,1.162,0
0.905,6,-,2.755,,3,3.225,3.620,1.249,0
0.852,6,-,1.847,3,8,3.065,-5.645,0.276,1
0.609,5,-,2.072,1,6,4.740,6.069,2.091,0
0.590,7,-,2.256,1,8,6.467,8.482,1.800,0
0.307,5,-,1.834,2,8,3.322,1.950,1.252,0
0.006,9,-,2.620,1,3,5.118,-2.305,0.971,0
0.533,7,-,1.835,2,5,2.737,7.204,1.774,0
0.293,4,-,1.742,1,7,6.641,-7.569,0.327,0
0.363,8,-,1.667,2,7,6.532,3.858,1.878,0
0.229,4,-,2.229,2,7,1.964,-2.622,1.236,1
0.006,4,-,2.013,3,3,2.962,3.771,2.877,0
0.915,2,-,1.683,3,1,2.881,-5.337,0.290,1
0.485,3,-,2.479,2,5,6.522,5.140,1.245,0
0.156,5,-,1.742,1,10,2.612,-5.616,0.586,1
0.979,3,-,2.119,2,7,2.546,-5.660,0.363,0
0.167,5,-,1.770,1,4,5.338,7.107,2.226,0
0.699,1,-,1.932,3,8,6.193,4.345,1.119,0
0.926,9,-,1.741,1,8,7.263,-4.977,0.470,0
0.151,3,-,2.332,3,7,6.443,-8.067,0.248,1
0.235,6,-,1.814,1,3,4.543,-4.633,0.984,0
0.054,6,-,1.843,3,1,6.190,-3.944,1.090,1
0.500,2,-,1.675,1,6,7.365,5.769,1.932,0
0.823,6,-,1.926,2,9,6.667,5.182,1.173,0
0.047,4,-,1.867,3,10,5.090,-4.905,1.008,1
0.319,3,-,2.252,1,6,5.524,6.024,1.767,0
0.270,3,-,2.502,3,2,2.603,-1.756,1.521,1
0.562,2,-,2.095,2,4,7.047,8.656,1.986,0
0.604,3,+,2.423,3,9,7.207,5.133,1.404,0
0.408,6,-,2.205,2,3,2.629,8.011,2.307,0
0.318,1,-,2.164,1,4,5.142,-5.819,0.617,1
0.083,2,-,2.244,3,7,1.918,-3.038,1.064,1
0.895,6,-,2.277,3,9,2.823,-5.294,0.534,1
0.165,9,-,2.027,3,3,5.930,5.374,1.632,1
0.351,1,-,1.925,3,2,6.330,6.333,2.408,0
0.158,8,-,1.811,2,9,4.091,3.167,1.496,0
0.113,4,-,2.503,1,6,5.963,-2.490,1.561,0
0.214,8,-,1.815,2,9,2.065,2.729,1.379,1
0.505,3,+,2.554,3,6,5.370,-5.491,0.378,1
0.695,5,+,1.988,3,4,4.690,0.077,0.992,1
0.351,6,-,1.986,3,3,2.823,-3.044,0.884,1
0.548,7,-,2.180,2,5,6.468,-4.284,0.635,0
0.583,4,+,1.714,1,8,2.262,3.710,1.512,0
0.427,1,+,2.235,2,3,5.203,7.157,2.079,0
0.139,4,-,2.202,2,10,5.642,-5.080,0.926,0
0.797,2,-,2.219,1,8,5.060,7.464,1.350,0
0.456,2,-,2.128,2,10,6.952,5.536,2.003,0
0.049,11,+,2.403,1,2,1.729,-5.589,0.599,0
0.412,9,-,1.863,3,4,6.450,6.760,2.103,0
0.397,5,-,2.477,3,2,6.682,2.646,1.946,0
0.107,9,-,1.820,1,4,7.801,6.120,3.242,0
0.254,5,-,1.876,,8,5.356,-5.880,0.413,0
0.869,7,-,2.605,,8,5.640,7.410,1.477,0
0.049,3,-,2.232,1,5,5.637,-5.114,0.625,0
0.913,4,-,1.929,1,5,2.403,-1.768,0.792,0
0.626,3,+,1.999,1,9,5.896,-2.531,0.570,1
0.175,4,+,1.956,1,10,5.262,-2.622,1.121,0
0.736,5,-,2.287,3,10,6.536,4.272,1.343,1
0.097,2,-,1.877,2,6,6.324,-6.730,0.523,1
0.041,6,-,2.007,1,5,5.606,-4.834,1.147,1
0.739,6,-,1.656,3,7,6.626,5.481,1.049,1
0.777,5,+,1.710,1,6,5.899,3.682,0.996,0
0.983,9,-,2.739,,9,5.947,5.695,1.690,0
0.995,6,-,2.391,1,9,2.816,6.115,1.628,0
0.324,3,-,1.694,1,6,3.390,-3.898,0.543,0
0.806,4,+,2.001,2,1,6.557,8.341,1.272,1
0.029,4,+,1.683,1,1,2.915,8.339,2.259,0
0.967,5,+,1.779,1,8,6.269,5.805,1.061,0
0.972,5,-,2.174,3,3,5.444,-4.273,0.414,0
0.982,5,-,1.690,3,9,5.250,-5.450,0.412,0
0.750,7,-,1.666,1,9,6.642,-5.142,0.463,1
0.228,4,+,1.815,3,4,5.682,-6.978,0.577,1
0.277,1,-,1.898,3,3,1.662,8.431,2.621,0
0.296,3,-,2.108,3,2,6.088,-7.572,0.294,1
0.796,6,+,2.320,3,3,4.747,4.422,1.326,0
0.254,4,-,2.355,2,6,3.811,2.327,1.584,0
0.346,2,-,1.791,2,1,7.556,4.353,1.997,0
0.934,4,-,2.722,2,1,2.716,-4.160,0.519,0
0.254,5,-,1.708,1,9,5.881,-6.532,0.371,0
0.665,7,-,1.703,1,8,5.534,-5.052,0.422,0
0.808,5,-,2.139,3,4,4.399,-4.956,0.500,1
0.641,1,-,1.709,3,7,5.846,-7.465,0.215,1
0.002,5,-,2.423,3,5,6.342,4.203,2.411,1
0.186,5,-,2.164,2,10,5.915,-3.348,1.216,1
0.971,5,+,1.929,1,7,6.872,-5.454,0.278,0
0.460,4,-,1.835,1,4,5.501,2.065,1.028,0
0.392,5,-,1.967,3,6,4.477,7.232,2.345,0
0.164,5,-,1.819,3,8,3.131,6.316,1.743,1
0.770,5,-,2.926,3,10,6.043,-1.719,1.034,1
0.334,9,-,1.742,2,7,7.609,-4.587,0.584,0
0.885,2,-,1.888,1,2,5.509,-1.074,1.031,0
0.528,8,-,1.667,3,8,6.075,-3.598,0.617,0
0.306,5,-,2.724,1,6,3.076,-4.299,0.516,1
0.097,7,+,1.833,2,10,6.290,-2.960,0.901,1
0.643,6,-,1.988,2,8,3.366,2.895,1.244,0
0.611,4,-,1.815,3,7,5.259,-2.312,0.868,1
0.475,6,-,2.308,3,2,6.851,-4.005,0.630,1
0.882,6,+,1.826,,10,3.143,4.777,1.715,0
0.322,11,-,1.672,2,4,2.513,-3.484,0.657,0
0.570,1,+,3.202,1,1,5.291,8.386,2.578,0
0.853,6,-,1.889,2,8,7.237,11.475,1.980,0
0.834,6,-,1.897,,8,5.099,-6.332,0.312,0
0.036,4,+,1.938,1,1,6.172,-4.780,1.237,0
0.527,2,+,1.880,1,6,6.371,9.405,1.695,0
0.046,6,-,1.943,2,7,6.543,-8.533,0.272,1
0.537,3,+,1.963,1,6,2.318,-0.864,1.366,0
0.187,3,-,2.182,2,1,1.444,7.982,1.880,0
0.082,5,-,2.161,1,6,6.769,-2.896,1.519,0
0.209,6,-,1.656,3,6,6.345,9.336,3.331,1
0.012,5,-,1.708,3,8,6.388,7.329,2.142,0
0.219,4,-,2.186,2,10,5.395,1.362,2.203,0
0.189,5,-,2.515,2,2,4.729,2.062,1.332,0
0.383,7,-,2.227,2,6,6.513,-4.584,0.542,0
0.478,2,-,1.664,1,2,7.282,3.145,1.793,0
0.370,5,-,2.992,2,8,6.128,2.066,1.803,0
0.338,5,-,1.899,1,10,5.525,-5.969,0.555,0
0.517,4,-,1.832,2,3,7.461,-4.502,0.557,0
0.678,8,-,2.006,3,3,3.039,-6.173,0.400,1
0.337,8,-,1.798,1,4,6.213,1.983,1.224,0
0.640,6,-,1.694,3,4,6.057,4.208,1.855,0
0.909,3,+,3.559,,2,2.624,4.246,1.584,0
0.476,6,-,1.904,2,9,5.486,5.574,1.540,0
0.030,2,-,1.991,3,7,6.272,-5.646,0.926,1
0.569,4,-,1.738,2,9,5.154,-4.654,0.440,0
0.700,7,-,1.782,,8,5.098,4.991,1.146,0
0.042,5,+,2.605,2,7,2.153,4.319,2.170,0
0.360,5,+,1.766,3,5,3.299,3.667,1.916,0
0.515,1,-,1.908,1,6,3.254,-4.362,0.502,0
0.054,8,+,2.098,,8,6.024,-4.827,1.132,0
0.044,10,-,1.812,2,5,5.275,-8.085,0.263,0
0.985,5,-,1.869,2,7,5.927,-5.979,0.410,0
0.980,4,-,1.688,1,7,7.959,7.584,0.997,0
0.270,10,-,1.767,2,7,5.551,5.710,2.746,0
0.480,6,-,1.765,1,10,1.765,6.762,1.390,0
0.649,2,-,1.815,,5,6.196,-6.037,0.290,0
0.008,6,+,1.705,,10,6.822,9.059,2.547,0
0.979,5,+,2.070,2,10,5.183,-3.491,0.631,0
0.144,5,-,1.993,1,1,6.421,-3.847,1.294,1
0.261,4,+,1.892,3,1,7.405,6.813,1.939,1
0.425,7,-,2.099,2,5,2.431,6.462,2.476,0
0.020,1,-,1.753,2,1,4.316,-6.226,0.600,0
0.970,1,+,1.875,3,3,5.779,-7.287,0.204,1
0.682,4,-,1.716,2,4,6.792,8.118,2.357,0
0.974,6,+,2.047,1,9,5.148,5.456,1.299,0
0.714,2,-,1.768,2,1,1.843,2.510,1.353,1
0.075,10,+,1.663,2,6,7.361,-3.096,1.157,1
0.001,5,+,1.935,3,4,6.220,2.981,3.164,0
0.625,2,-,2.290,3,6,7.406,8.752,1.689,0
0.257,4,-,2.484,3,8,5.674,3.479,1.353,1
0.582,5,-,2.751,,1,4.531,-6.328,0.446,1
0.978,8,-,2.593,1,8,2.338,-3.661,0.404,0
0.796,5,-,2.227,3,9,1.804,-2.685,0.855,1
0.091,6,-,2.016,1,1,6.077,5.439,3.095,0
0.882,2,-,1.664,2,6,5.905,5.374,1.314,0
0.907,3,-,1.819,1,3,6.378,6.940,1.828,0
0.883,3,-,1.781,3,2,6.167,-3.913,0.384,1
0.702,4,-,1.995,2,1,5.085,-3.251,0.813,0
0.047,6,-,1.788,2,2,5.470,-5.657,0.893,0
0.179,4,-,2.141,3,6,6.823,3.612,1.675,1
0.874,4,-,1.958,3,8,5.838,-5.049,0.554,1
0.092,9,-,2.005,,8,1.417,6.329,3.149,0
0.341,6,-,2.960,3,2,1.645,-6.718,0.555,1
0.763,4,-,1.717,3,9,6.383,2.687,1.461,1
0.429,5,-,1.786,3,3,5.608,5.544,1.636,1
0.738,4,-,2.412,3,3,6.207,2.665,0.905,1
0.685,2,-,1.828,1,7,2.203,3.295,0.906,0
0.567,4,+,2.032,3,6,6.609,3.278,1.621,0
0.484,7,-,1.933,2,9,7.235,-4.299,0.681,0
0.863,5,-,2.100,1,7,3.331,-9.587,0.039,0
0.875,3,-,2.361,1,10,6.245,-2.853,0.829,1
0.585,4,-,1.805,3,8,8.343,4.490,1.364,1
0.278,5,-,2.176,1,1,5.756,2.290,2.233,0
0.926,4,+,1.687,1,10,7.328,5.438,1.695,0
0.899,4,-,2.787,1,5,2.938,-9.070,0.080,0
0.784,5,-,2.067,1,8,5.654,-4.638,0.674,1
0.004,3,-,2.420,1,7,6.141,2.086,2.671,0
0.007,3,-,2.165,2,8,7.431,-2.446,1.105,1
0.000,1,-,2.076,1,9,5.751,-3.295,1.484,0
0.938,4,+,2.494,3,8,2.571,-6.113,0.266,1
0.182,10,-,1.677,3,10,4.789,6.681,3.178,0
0.765,9,-,2.056,3,6,6.747,-6.453,0.229,1
0.047,6,-,1.738,1,5,3.314,-8.688,0.249,0
0.035,6,-,2.226,3,3,7.726,5.535,2.480,1
0.571,5,-,1.870,2,7,3.126,5.602,1.220,0
0.258,3,-,1.695,,1,5.745,3.576,1.518,0
0.945,7,-,2.265,1,9,5.197,-5.217,0.377,0
0.501,2,-,1.808,2,8,6.188,-1.398,1.031,0
0.008,5,-,1.822,1,1,2.177,-6.456,0.834,0
0.996,4,-,2.730,3,5,2.437,-7.325,0.214,1
0.662,3,-,1.941,1,4,6.115,-3.279,0.760,0
0.516,4,-,2.085,1,7,5.723,-5.037,0.518,0
0.093,4,-,1.774,2,1,2.940,-4.785,0.806,1
0.608,5,+,2.504,2,6,2.807,-9.134,0.096,0
0.920,6,-,2.048,3,1,6.470,-5.546,0.448,1
0.022,7,+,1.771,3,4,4.212,5.562,2.271,0
0.198,1,-,2.503,2,9,5.893,-2.294,1.295,1
0.915,4,-,1.721,2,9,3.789,-3.691,0.395,0
0.372,6,-,1.795,1,2,7.586,3.568,1.440,0
0.508,2,+,2.016,1,3,5.078,-6.596,0.339,0
0.185,4,-,1.825,3,8,6.272,5.642,2.777,1
0.001,4,-,1.693,3,9,2.956,4.216,1.953,0
0.037,8,-,1.748,2,9,6.150,4.328,2.074,0
0.488,2,+,2.583,3,6,6.248,-0.986,1.150,0
0.752,8,-,1.763,1,3,5.187,-3.728,0.699,0
0.020,9,-,1.713,3,2,3.381,7.263,3.071,0
0.958,5,+,1.872,3,6,5.526,5.374,1.027,1
0.543,9,-,2.047,2,8,5.020,-3.216,1.001,0
0.822,5,-,2.409,3,9,4.184,5.683,1.231,0
0.223,4,-,1.678,3,4,3.346,2.992,2.111,1
0.416,9,-,2.239,,2,5.873,3.082,2.120,0
0.838,10,-,1.672,2,4,3.051,5.132,1.259,0
0.964,7,-,1.755,1,1,5.835,-6.704,0.208,0
0.014,2,-,1.843,2,5,6.953,-1.243,1.624,0
0.902,5,-,1.721,2,6,1.915,-7.718,0.239,1
0.280,7,-,1.716,3,6,3.637,3.570,1.621,0
0.634,3,-,1.654,3,7,3.958,-5.892,0.547,0
0.800,2,-,2.058,2,1,7.507,-1.415,0.825,0
0.999,2,-,2.260,2,2,5.871,-4.227,0.549,0
0.154,8,-,1.755,1,1,4.828,-0.342,1.651,0
0.192,4,-,1.917,2,4,4.414,-8.461,0.177,1
0.749,5,+,1.692,1,1,6.756,3.789,1.284,0
0.144,7,+,1.797,2,5,1.660,5.771,1.871,0
0.176,6,-,2.701,3,5,4.019,3.798,1.671,0
0.934,6,-,2.581,2,2,3.953,-4.271,0.333,0
0.237,4,-,1.975,1,5,3.387,-4.926,0.573,0
0.845,3,-,1.674,1,6,7.096,-6.897,0.376,0
0.046,5,-,1.858,2,4,2.385,5.437,3.541,0
0.306,5,-,1.779,1,7,3.563,-7.285,0.465,0
0.990,4,-,1.837,1,3,6.261,-2.427,0.697,0
0.198,5,-,2.584,3,7,5.817,-3.708,0.921,0
0.848,4,-,1.665,1,10,4.299,3.565,0.937,0
0.854,6,+,1.755,,10,3.259,4.543,1.752,0
0.986,8,-,2.047,2,7,6.243,2.849,1.321,0
0.522,4,+,2.489,3,8,6.298,-9.197,0.100,1
0.197,5,-,2.107,2,7,5.189,-2.188,1.144,0
0.984,4,-,1.905,2,1,4.305,-6.641,0.307,0
0.631,10,-,1.987,3,2,2.518,-4.073,0.533,1
0.840,6,+,2.414,3,3,6.827,-4.119,0.474,1
0.511,6,-,1.864,3,8,7.167,2.290,1.129,1
0.984,4,-,2.289,2,9,3.730,4.938,1.455,0
0.570,6,-,1.856,2,3,4.522,6.237,1.213,0
0.967,2,-,1.741,1,9,5.856,-5.449,0.347,0
0.746,8,-,2.082,3,4,7.586,-6.075,0.495,1
0.088,5,+,2.077,3,1,6.382,-2.170,1.495,1
0.998,2,-,1.660,1,1,6.354,7.765,1.191,0
0.857,2,+,1.862,3,4,3.417,-6.998,0.185,1
0.919,4,+,2.393,3,6,5.412,-2.356,0.491,1
0.148,3,-,2.915,3,1,6.822,3.764,2.100,1
0.357,5,-,2.144,2,2,2.625,5.458,1.792,0
0.988,4,-,2.729,1,5,5.483,-6.014,0.226,0
0.976,7,+,1.656,3,10,4.376,8.660,1.726,0
0.182,4,-,1.821,1,8,5.985,-7.308,0.425,0
0.769,10,-,2.368,2,1,7.357,-6.621,0.347,1
0.819,4,-,1.891,1,1,7.067,-2.625,0.774,0
0.790,8,+,1.696,1,1,5.201,8.237,1.635,0
0.629,6,-,2.333,3,9,6.410,4.988,1.640,0
0.399,4,-,2.023,1,10,3.934,5.617,2.292,0
0.050,3,-,1.720,3,7,3.787,-2.806,1.536,0
0.215,13,-,1.696,1,7,4.214,-4.227,0.904,0
0.938,3,-,1.929,3,5,3.195,3.683,1.138,0
0.552,4,+,1.876,3,9,6.551,-6.085,0.363,1
0.128,6,+,2.232,3,6,6.323,-7.280,0.310,1
0.902,4,-,1.895,,7,3.951,-7.472,0.292,0
0.954,1,-,1.715,2,3,3.443,5.569,1.182,0
0.046,7,+,1.871,3,5,1.739,-1.964,1.880,1
0.011,1,-,1.813,3,7,5.074,-0.572,1.584,0
0.976,8,+,1.715,1,3,1.477,5.560,1.365,0
0.902,7,-,2.150,3,1,1.549,3.223,1.546,1
0.712,5,+,1.672,2,7,5.129,5.076,1.474,0
0.524,6,-,1.779,3,7,2.743,-3.609,0.594,0
0.235,6,-,1.704,1,1,5.835,-4.084,1.068,0
0.860,3,-,1.841,3,9,5.078,-4.317,0.345,1
0.150,7,-,2.026,1,9,5.545,-5.651,0.775,0
0.053,4,-,2.144,,1,5.490,5.671,3.603,0
0.730,2,-,1.780,2,3,2.823,3.602,1.728,0
0.486,5,-,1.792,1,7,3.184,-5.161,0.433,0
0.939,7,+,1.806,1,5,6.564,4.807,1.011,0
0.754,3,-,1.788,2,7,4.258,-3.844,0.687,0
0.918,4,-,1.911,3,10,5.821,-7.209,0.188,0
0.454,5,-,1.721,3,5,6.575,6.003,1.486,0
0.943,5,-,3.317,2,10,5.559,6.310,1.817,0
0.286,6,-,2.988,2,2,6.589,6.938,2.061,1
0.749,2,-,1.711,,9,3.103,-5.223,0.346,0
0.308,5,-,2.279,1,4,5.522,-6.087,0.679,0
0.017,6,+,1.885,1,3,3.208,-4.100,0.759,0
0.528,3,+,2.273,1,4,5.696,-7.308,0.259,0
0.019,4,+,2.363,1,5,5.379,-4.562,1.275,0
0.009,4,+,1.832,3,5,3.852,6.371,3.585,0
0.244,4,-,2.028,3,10,5.561,2.394,1.841,1
0.072,4,-,2.137,3,10,5.277,-5.372,0.918,1
0.842,4,-,1.735,3,2,5.541,5.670,1.502,0
0.382,5,-,1.889,,3,6.647,-6.155,0.383,0
0.382,5,-,1.707,3,7,6.323,6.450,2.077,0
0.297,4,-,1.779,3,4,5.077,-9.907,0.009,1
0.596,11,-,2.174,1,2,5.063,-5.402,0.400,0
0.662,8,-,2.163,2,2,4.217,3.575,1.248,0
0.863,5,-,1.880,1,9,3.246,4.031,1.076,0
0.215,5,+,1.873,1,3,3.521,3.139,1.849,0
0.692,9,-,2.154,2,5,5.697,-4.410,0.655,1
0.870,5,+,1.852,3,5,5.925,-0.203,1.104,1
0.490,6,-,2.091,,7,6.247,-3.975,0.624,0
0.872,1,-,2.772,2,6,5.349,-8.570,0.121,0
0.619,2,-,2.004,3,6,6.354,2.723,1.101,1
0.951,5,-,1.850,1,9,2.799,7.187,1.350,0
0.825,2,-,1.744,1,1,5.062,-5.347,0.409,1
0.967,15,-,2.593,3,1,4.060,6.005,1.498,0
0.634,4,-,1.856,3,2,6.213,3.903,1.401,1
0.986,4,-,1.729,3,1,3.591,5.872,1.289,0
0.451,3,-,1.745,3,5,6.656,2.706,1.472,0
0.013,7,-,1.773,1,10,6.945,-0.084,1.708,0
0.630,3,-,1.962,1,6,5.483,-3.883,0.775,0
0.935,8,-,1.689,1,9,6.334,3.528,1.449,0
0.262,2,+,1.690,3,4,2.970,2.711,1.809,0
0.482,7,-,2.171,2,6,7.545,5.670,2.237,0
0.227,2,+,1.884,1,2,3.020,7.233,2.032,0
0.453,6,-,1.713,2,9,6.586,-5.427,0.549,1
0.079,5,-,2.004,,7,6.809,-6.273,0.667,0
0.669,8,-,3.152,2,4,4.547,-8.047,0.204,0
0.329,4,-,1.920,3,9,6.618,3.331,1.344,0
0.281,6,-,1.692,1,5,5.642,-0.934,1.588,0
0.096,6,-,2.433,,9,7.514,1.212,1.808,0
0.946,4,-,2.556,2,9,5.428,1.152,1.190,0
0.925,3,+,1.900,1,7,3.802,-5.596,0.409,0
0.322,6,-,2.300,3,2,7.140,6.196,1.501,1
0.176,7,-,2.188,3,7,4.492,6.205,2.201,0
0.905,10,-,2.533,1,3,5.504,-6.005,0.405,0
0.039,3,-,1.783,1,7,6.160,4.106,2.464,0
0.745,5,-,2.378,2,3,6.667,-2.231,0.875,1
0.285,3,-,1.907,,2,6.202,3.644,2.073,0
0.006,2,-,1.680,,9,6.032,3.243,3.002,0
0.866,3,+,1.873,3,2,7.104,5.377,1.388,1
0.910,9,-,2.194,1,7,6.872,6.886,1.947,0
0.851,5,-,1.837,1,10,6.330,-4.346,0.682,0
0.736,7,-,1.879,1,7,5.699,6.283,1.992,0
0.786,6,-,1.950,1,5,3.258,-3.886,0.590,0
0.813,5,-,1.971,2,9,6.903,-4.173,0.482,0
0.993,5,-,2.266,,8,4.246,5.552,1.551,0
0.555,7,+,1.843,2,4,6.132,6.079,1.696,0
0.449,3,-,1.716,2,9,6.789,-6.288,0.559,1
0.581,9,+,2.088,,4,3.692,4.687,1.944,0
0.103,5,-,2.582,3,5,3.202,2.584,1.608,1
0.548,1,+,2.104,1,9,3.356,7.843,2.079,0
0.765,7,-,1.842,2,8,6.088,5.355,1.676,0
0.911,7,-,3.036,,7,6.123,-2.928,0.576,0
0.215,5,-,2.356,3,10,7.130,6.216,2.316,1
0.116,7,-,2.005,3,6,2.989,4.934,2.771,1
0.208,3,-,2.676,3,3,2.652,6.278,2.098,1
0.014,0,-,1.701,3,4,6.213,-1.947,1.297,1
0.688,6,-,1.944,2,9,3.153,3.014,1.724,0
0.996,3,+,1.965,3,2,3.798,-5.258,0.464,0
0.525,5,-,1.744,2,9,6.254,4.293,1.664,0
0.561,5,+,2.148,1,9,4.740,-2.206,0.607,0
0.488,7,-,2.436,3,10,7.917,7.235,1.581,0
0.279,5,-,1.998,2,5,6.088,-6.991,0.396,1
0.008,4,-,1.659,3,8,3.454,-4.830,0.740,0
0.112,2,-,1.958,3,10,7.220,3.845,2.337,1
0.973,7,+,1.896,2,2,5.670,6.134,0.941,0
0.556,6,-,1.926,2,1,7.103,-1.908,0.638,0
0.723,6,+,1.674,3,4,5.765,-4.500,0.387,1
0.293,9,+,2.114,2,10,6.293,-1.526,0.958,0
0.652,5,-,2.206,3,2,2.222,-4.736,0.473,0
0.007,8,-,1.667,3,9,5.523,4.579,3.556,0
0.988,6,-,2.333,1,6,2.301,1.376,1.128,0
0.494,3,-,1.989,3,4,5.863,-6.441,0.447,0
0.711,5,+,1.807,2,2,4.680,-3.614,0.746,0
0.017,6,-,2.072,2,2,5.413,3.171,1.844,0
0.443,4,+,1.883,1,6,3.867,-5.445,0.432,0
0.800,7,-,1.885,1,8,2.775,-6.001,0.390,0
0.143,4,-,1.725,1,9,5.464,-4.247,0.739,0
0.791,4,+,2.345,1,10,5.240,-6.822,0.242,0
0.209,6,-,1.718,,8,6.233,-7.064,0.564,0
0.060,5,-,1.808,3,9,7.842,-2.518,1.576,0
0.060,5,-,1.778,1,1,4.755,-6.581,0.472,1
0.052,6,-,1.661,2,4,5.401,-8.057,0.300,1
0.087,2,-,2.107,2,1,6.127,5.989,1.958,1
0.029,4,-,2.355,3,9,6.477,3.217,2.900,1
0.297,2,-,1.910,1,4,3.609,7.823,2.620,0
0.458,3,-,1.682,3,9,6.466,-5.438,0.585,0
0.252,5,-,1.694,1,7,2.936,-4.003,1.091,0
0.077,2,-,1.991,2,6,6.667,-4.843,1.038,1
0.863,10,-,2.258,3,10,3.188,-5.147,0.342,1
0.725,4,-,2.151,3,7,6.258,-0.170,1.189,1
0.743,5,+,1.737,1,3,5.839,-5.178,0.461,0
0.674,4,-,2.071,3,1,3.210,3.219,1.122,0
0.896,4,+,1.655,3,9,6.168,-2.842,0.834,1
0.904,8,-,1.696,2,9,5.807,-4.535,0.475,0
0.244,3,-,1.856,2,5,5.548,-6.441,0.592,0
0.724,5,-,2.583,2,10,3.737,-3.973,0.461,0
0.812,1,-,2.446,2,5,3.475,-4.676,0.638,0
0.741,7,-,2.298,2,4,7.101,5.783,1.304,0
0.866,6,-,2.399,3,1,6.509,-3.612,0.735,1
0.575,1,-,1.748,1,8,6.491,6.098,1.878,0
0.076,6,+,2.207,2,5,5.902,-7.262,0.446,1
0.182,5,+,1.833,2,1,3.330,6.143,2.898,0
0.291,6,-,2.280,3,2,5.915,-5.633,0.566,1
0.563,6,+,1.737,1,10,6.447,5.112,1.368,0
0.383,9,-,1.662,3,2,5.585,-2.309,1.025,0
0.301,6,-,2.365,2,7,4.778,-8.770,0.215,1
0.001,5,-,3.174,3,2,2.775,3.534,3.183,1
0.627,4,-,2.229,1,9,6.549,-1.998,1.048,0
0.042,3,+,2.584,,5,4.223,5.875,2.205,0
0.011,0,-,2.399,1,1,6.054,-0.168,2.254,0
0.361,3,-,1.952,1,10,4.909,-3.025,1.192,0
0.065,8,-,1.884,3,7,5.807,-3.411,1.367,1
0.865,2,+,1.959,1,7,3.497,5.868,1.371,0
0.889,4,+,1.698,3,10,5.760,-5.382,0.513,1
0.758,3,-,2.046,3,2,5.672,-8.271,0.204,1
0.371,1,-,2.394,1,5,6.287,-5.975,0.445,0
0.121,2,+,1.999,3,5,4.747,-6.152,0.611,0
0.516,5,-,1.769,1,2,5.250,-2.235,0.983,0
0.891,7,-,2.806,2,5,4.305,-9.628,0.033,1
0.130,9,-,2.596,3,7,4.996,9.808,3.899,1
0.481,2,+,2.866,1,6,2.537,7.073,2.481,0
0.896,7,+,2.146,1,2,3.665,3.657,1.228,0
0.697,4,-,1.697,3,4,6.158,-5.782,0.330,1
0.821,7,+,1.867,,1,3.293,4.802,1.356,0
0.764,8,-,1.908,1,3,2.872,3.881,1.445,0
0.603,6,-,2.438,,10,2.215,6.843,1.525,0
0.734,4,-,2.386,2,8,6.440,-4.024,0.410,1
0.510,7,-,1.835,3,1,5.908,6.038,1.308,0
0.337,5,-,1.859,1,2,6.054,-8.592,0.172,0
0.853,6,-,1.888,2,3,6.639,-7.426,0.251,1
0.211,5,-,2.020,3,6,6.233,-7.108,0.478,1
0.131,3,-,2.268,3,8,3.129,-4.649,0.800,1
0.312,8,+,1.858,,7,1.323,-3.272,1.098,0
0.618,6,-,1.879,3,8,6.569,5.021,1.580,0
0.849,4,+,1.777,,9,5.463,-0.080,0.648,0
0.699,5,-,1.716,3,3,4.481,-2.936,0.523,0
0.887,6,-,1.662,3,3,6.007,1.117,1.274,0
0.206,3,-,1.882,1,7,5.416,4.407,2.004,1
0.488,2,-,1.729,1,10,3.235,3.448,1.125,0
0.507,13,-,1.686,2,10,5.209,-7.018,0.418,0
0.556,6,+,1.827,1,5,6.598,-5.066,0.663,0
0.074,8,+,1.751,1,10,2.448,-3.571,1.432,0
0.010,4,-,2.034,3,6,6.940,-4.407,0.875,1
0.586,6,-,2.079,3,6,6.522,5.519,1.556,0
0.044,4,-,1.833,,8,5.123,-5.974,0.839,0
0.786,7,-,1.657,2,3,3.377,-8.008,0.210,1
0.214,1,-,2.046,2,3,5.353,-1.517,1.007,0
0.227,9,-,1.780,2,8,3.227,-2.504,1.051,1
0.527,5,-,2.034,3,9,3.400,3.489,1.306,0
0.043,2,-,1.974,,3,3.600,-3.404,1.077,0
0.018,5,-,1.884,1,8,5.873,-7.316,0.463,0
0.801,2,+,2.371,3,2,6.107,-2.426,0.813,1
0.724,1,-,1.987,2,9,2.542,6.961,1.776,0
0.054,2,+,2.285,,4,5.840,8.369,4.219,0
0.284,9,-,2.857,1,3,3.174,-5.202,0.812,0
0.574,4,-,2.535,3,10,6.611,-6.106,0.355,1
0.286,1,+,1.732,3,8,5.231,-5.764,0.410,0
0.977,6,-,1.841,2,9,3.831,3.562,0.854,0
0.983,4,-,1.752,2,4,3.125,-7.052,0.203,0
0.594,6,-,1.963,1,5,6.456,8.081,2.207,0
0.015,2,-,2.021,2,6,2.987,-2.770,1.522,0
0.321,2,-,1.699,3,5,3.129,9.558,1.932,0
0.996,4,-,1.907,3,7,2.662,0.450,0.964,0
0.624,3,-,2.008,2,10,5.472,-2.627,0.610,0
0.925,4,-,1.876,3,10,4.507,-4.127,0.537,0
0.422,4,-,1.958,3,7,7.027,5.343,2.268,0
0.462,9,-,2.280,3,9,5.401,5.920,2.031,0
0.544,5,+,2.302,1,1,7.175,-4.050,0.687,0
0.622,6,+,1.653,2,4,7.950,-8.408,0.116,0
0.043,3,-,2.460,2,5,6.049,6.349,3.880,1
0.850,9,-,2.074,1,2,6.870,2.283,0.930,0
0.534,2,-,2.006,2,6,6.426,-6.099,0.527,0
1.000,7,-,1.825,2,8,5.777,1.589,0.871,0
0.509,2,-,1.844,1,3,6.005,4.499,1.535,0
0.237,6,-,1.767,2,2,6.020,-2.837,1.373,1
0.967,4,-,1.674,2,6,3.936,4.558,1.218,0
0.387,4,-,2.322,1,6,4.987,4.678,2.260,0
0.026,5,-,2.302,2,3,7.855,3.186,3.182,1
0.934,6,-,1.824,2,9,6.451,6.595,1.072,0
0.218,4,-,1.757,3,1,5.680,-1.068,0.940,1
0.736,3,-,3.610,3,9,6.759,-7.251,0.183,1
0.402,4,+,2.022,1,2,5.844,0.262,1.597,0
0.199,6,-,2.584,1,10,4.952,7.149,2.485,0
0.348,2,+,1.897,1,7,6.939,-3.718,1.056,0
0.122,4,-,1.735,3,8,6.355,4.881,2.470,1
0.959,5,-,1.997,,4,5.411,7.993,1.353,0
0.925,4,-,2.479,3,1,5.310,5.193,1.730,0
0.606,5,-,1.789,1,7,6.852,3.886,1.628,0
0.360,3,-,2.029,1,5,2.633,2.847,1.627,0
0.776,4,-,1.941,1,10,5.470,-4.713,0.368,0
0.205,3,-,1.696,2,7,6.717,7.295,1.889,1
0.931,3,-,2.111,2,2,6.477,-4.988,0.545,0
0.174,5,-,1.963,1,1,5.612,0.179,1.173,0
0.148,4,-,2.507,3,7,5.984,4.446,1.591,1
0.641,5,+,1.791,2,10,5.365,6.679,1.724,0
0.290,6,-,2.208,3,10,5.334,-5.477,0.579,1
0.924,6,-,1.656,3,7,2.382,-4.164,0.435,0
0.172,2,+,2.316,2,4,3.853,-7.452,0.350,0
0.036,3,-,2.223,1,6,6.835,2.573,2.604,0
0.998,6,-,1.853,2,1,2.128,-6.130,0.226,0
0.819,5,-,2.159,1,4,6.741,5.502,1.146,0
0.933,3,+,1.749,2,3,6.629,-5.494,0.459,1
0.469,6,-,2.363,3,10,5.939,-4.315,0.617,0
0.493,3,-,2.150,2,7,5.659,-4.804,0.518,0
0.855,3,+,1.958,3,10,5.422,-4.841,0.408,1
0.506,8,-,1.827,2,6,1.831,-7.085,0.295,0
0.882,5,-,1.705,,10,6.355,7.364,1.513,0
0.854,2,-,2.065,3,5,6.430,5.038,1.061,1
0.417,5,-,1.668,2,6,2.354,0.064,1.369,0
0.532,2,+,1.742,1,4,3.425,-6.438,0.320,0
0.821,2,+,2.390,3,4,5.729,-6.033,0.473,1
0.783,7,-,2.747,1,2,6.467,-1.198,0.945,1
0.465,5,+,2.228,2,6,3.376,2.929,1.332,0
0.650,4,-,1.910,3,7,5.728,-5.213,0.532,1
0.362,2,-,2.434,3,4,4.700,4.182,1.250,0
0.149,4,-,1.652,3,1,2.762,7.806,3.057,1
0.678,4,-,1.901,,1,5.675,-6.999,0.305,0
0.643,2,-,1.971,1,6,5.103,4.393,1.508,0
0.626,5,-,1.711,3,1,3.203,-7.676,0.284,0
0.930,6,+,2.021,2,10,3.556,4.775,1.557,0
0.332,6,-,1.916,2,5,6.131,4.282,1.828,0
0.380,4,-,2.006,3,8,2.271,-3.833,0.714,1
0.922,5,-,1.697,2,10,5.346,-9.992,0.001,0
0.118,7,-,1.651,1,4,2.419,-4.602,0.941,0
0.344,9,-,2.173,3,9,5.093,-2.252,0.700,0
0.115,7,-,2.349,2,7,7.155,-3.238,1.231,1
0.300,6,-,2.381,3,9,6.219,-5.360,0.682,1
0.915,5,-,1.958,1,6,6.487,-6.203,0.340,0
0.330,8,-,1.937,3,2,5.051,-0.903,1.225,0
0.267,7,-,1.720,2,7,4.745,6.089,2.952,0
0.114,5,-,1.848,3,5,5.076,-7.500,0.485,1
0.870,5,+,1.664,3,8,2.554,4.897,0.944,0
0.289,5,+,2.764,1,2,5.821,-7.995,0.362,1
0.963,7,-,2.891,,6,6.229,6.748,1.726,0
0.989,9,-,2.348,2,3,5.325,10.795,1.219,0
0.178,7,-,2.726,2,1,3.529,2.872,2.106,0
0.381,4,+,2.172,2,9,5.432,8.209,2.239,0
0.011,5,+,1.665,1,9,5.510,2.340,2.976,0
0.961,4,-,1.812,3,9,4.579,-1.765,0.653,0
0.146,9,-,1.834,3,9,7.129,4.458,1.838,1
0.025,3,-,2.273,2,1,1.990,5.415,3.522,0
0.539,3,-,2.568,1,10,6.819,5.141,1.645,0
0.123,4,-,1.957,,9,6.826,-7.041,0.522,1
0.832,4,-,1.738,1,3,5.271,6.908,1.559,0
0.087,4,-,1.892,2,3,5.129,3.924,1.668,0
0.190,8,-,2.947,2,8,7.124,-5.447,0.907,1
0.522,9,+,1.996,1,2,4.623,8.316,2.297,0
0.102,2,+,1.660,2,6,5.669,5.503,2.444,1
0.898,6,-,2.374,3,5,5.245,4.469,1.320,0
0.052,4,+,2.195,1,2,5.364,-2.136,1.722,0
0.898,6,-,1.652,,10,2.932,2.904,1.167,0
0.548,6,-,1.832,3,1,5.635,-5.123,0.646,0
0.597,3,+,1.826,1,4,2.086,4.624,1.392,0
0.039,2,+,1.876,2,5,6.441,-5.341,0.914,1
0.011,4,+,2.466,1,9,5.373,-4.159,0.929,0
0.131,4,+,2.032,3,3,5.178,-3.020,1.378,1
0.770,4,-,2.143,3,1,5.998,4.514,1.083,1
0.446,6,-,2.598,2,10,6.711,-4.505,0.780,0
0.885,8,+,2.127,2,2,6.714,-8.904,0.075,1
0.208,7,-,2.643,1,9,5.096,-7.136,0.362,1
0.273,3,-,2.234,2,4,6.232,-3.815,0.732,0
0.246,3,-,1.777,3,7,3.354,-3.144,1.140,0
0.977,4,-,1.934,2,3,5.016,8.906,2.002,0
0.442,4,-,1.783,3,4,4.879,-2.483,1.088,0
0.949,2,-,2.053,1,3,6.107,-6.063,0.325,0
0.102,5,-,1.743,2,4,6.046,3.733,2.614,0
0.814,8,-,1.845,2,2,5.417,-3.615,0.691,0
0.258,9,-,1.987,2,2,3.517,5.070,2.162,0
0.944,5,-,1.774,3,1,2.904,-8.134,0.139,0
0.703,5,-,2.288,3,5,3.267,2.130,1.377,1
0.378,8,-,1.787,1,7,5.625,3.182,1.549,0
0.285,4,-,1.885,2,4,6.271,2.565,1.532,0
0.218,3,-,1.738,2,9,6.317,-3.712,0.694,1
0.396,3,-,3.706,3,3,3.637,-5.926,0.456,0
0.078,6,-,1.671,1,8,7.530,-6.790,0.398,0
0.985,3,-,2.233,1,8,5.876,6.461,1.836,0
0.369,5,-,1.947,1,3,4.922,3.857,2.213,0
0.454,11,-,2.184,1,3,7.198,9.365,2.587,0
0.012,7,-,1.832,1,8,5.290,3.528,2.364,0
0.244,5,-,1.818,1,2,4.590,-5.533,0.733,0
